--
-- PostgreSQL database dump
--

\restrict vgRgJfATy3tG7pKisAnGpsViUdujuR4FMBXjTSh3Qu3n4LFkSFkN1qKea4tv42n

-- Dumped from database version 15.14
-- Dumped by pg_dump version 15.14

SET statement_timeout = 0;
SET lock_timeout = 0;
SET idle_in_transaction_session_timeout = 0;
SET client_encoding = 'UTF8';
SET standard_conforming_strings = on;
SELECT pg_catalog.set_config('search_path', '', false);
SET check_function_bodies = false;
SET xmloption = content;
SET client_min_messages = warning;
SET row_security = off;

SET default_tablespace = '';

SET default_table_access_method = heap;

--
-- Name: comments; Type: TABLE; Schema: public; Owner: myuser
--

CREATE TABLE public.comments (
    id bigint NOT NULL,
    content text,
    created_at timestamp(6) without time zone,
    author_id bigint NOT NULL,
    parent_comment_id bigint,
    post_id bigint NOT NULL
);


ALTER TABLE public.comments OWNER TO myuser;

--
-- Name: comments_id_seq; Type: SEQUENCE; Schema: public; Owner: myuser
--

ALTER TABLE public.comments ALTER COLUMN id ADD GENERATED BY DEFAULT AS IDENTITY (
    SEQUENCE NAME public.comments_id_seq
    START WITH 1
    INCREMENT BY 1
    NO MINVALUE
    NO MAXVALUE
    CACHE 1
);


--
-- Name: email_verification_tokens; Type: TABLE; Schema: public; Owner: myuser
--

CREATE TABLE public.email_verification_tokens (
    id bigint NOT NULL,
    created_at timestamp(6) without time zone NOT NULL,
    expires_at timestamp(6) without time zone NOT NULL,
    token character varying(255) NOT NULL,
    verified_at timestamp(6) without time zone,
    user_id bigint NOT NULL
);


ALTER TABLE public.email_verification_tokens OWNER TO myuser;

--
-- Name: email_verification_tokens_id_seq; Type: SEQUENCE; Schema: public; Owner: myuser
--

ALTER TABLE public.email_verification_tokens ALTER COLUMN id ADD GENERATED BY DEFAULT AS IDENTITY (
    SEQUENCE NAME public.email_verification_tokens_id_seq
    START WITH 1
    INCREMENT BY 1
    NO MINVALUE
    NO MAXVALUE
    CACHE 1
);


--
-- Name: event_tags; Type: TABLE; Schema: public; Owner: myuser
--

CREATE TABLE public.event_tags (
    event_id bigint NOT NULL,
    tag character varying(255),
    CONSTRAINT event_tags_tag_check CHECK (((tag)::text = ANY ((ARRAY['COMMUNITY_SERVICE'::character varying, 'FUNDRAISING'::character varying, 'WORKSHOP'::character varying, 'TRAINING'::character varying, 'CLEANUP'::character varying, 'FOOD_DISTRIBUTION'::character varying, 'BLOOD_DRIVE'::character varying, 'CHARITY_RUN'::character varying, 'CHARITY_WALK'::character varying, 'AUCTION'::character varying, 'GALA'::character varying, 'CONFERENCE'::character varying, 'SEMINAR'::character varying, 'WEBINAR'::character varying, 'TOWNHALL'::character varying, 'IN_PERSON'::character varying, 'VIRTUAL'::character varying, 'HYBRID'::character varying, 'OUTDOOR'::character varying, 'INDOOR'::character varying, 'FAMILY_FRIENDLY'::character varying, 'WHEELCHAIR_ACCESSIBLE'::character varying, 'PETS_ALLOWED'::character varying, 'FREE_EVENT'::character varying, 'PAID_EVENT'::character varying, 'MEALS_PROVIDED'::character varying, 'TRANSPORTATION_PROVIDED'::character varying, 'PARKING_AVAILABLE'::character varying, 'PHYSICAL_ACTIVITY'::character varying, 'LIGHT_ACTIVITY'::character varying, 'SEDENTARY'::character varying, 'SPORTS'::character varying, 'FITNESS'::character varying, 'ALL_AGES'::character varying, 'YOUTH_FOCUSED'::character varying, 'TEENS_ONLY'::character varying, 'ADULTS_ONLY'::character varying, 'SENIORS_FOCUSED'::character varying, 'PROFESSIONALS'::character varying, 'STUDENTS'::character varying, 'FAMILIES'::character varying, 'WOMEN_ONLY'::character varying, 'MEN_ONLY'::character varying, 'ONE_TIME'::character varying, 'RECURRING'::character varying, 'WEEKLY'::character varying, 'MONTHLY'::character varying, 'ANNUAL'::character varying, 'ONGOING'::character varying, 'URGENT'::character varying, 'CRITICAL'::character varying, 'FEATURED'::character varying, 'POPULAR'::character varying, 'NEW'::character varying, 'LAST_CHANCE'::character varying, 'NO_EXPERIENCE_REQUIRED'::character varying, 'TRAINING_PROVIDED'::character varying, 'CERTIFICATION_REQUIRED'::character varying, 'BACKGROUND_CHECK_REQUIRED'::character varying, 'SPECIAL_SKILLS_NEEDED'::character varying, 'ORIENTATION_REQUIRED'::character varying, 'SHORT_TERM'::character varying, 'LONG_TERM'::character varying, 'FLEXIBLE_HOURS'::character varying, 'WEEKEND_ONLY'::character varying, 'WEEKDAY_ONLY'::character varying, 'EVENING'::character varying, 'MORNING'::character varying, 'LOCAL_COMMUNITY'::character varying, 'REGIONAL'::character varying, 'NATIONAL'::character varying, 'INTERNATIONAL'::character varying, 'GRASSROOTS'::character varying, 'CORPORATE_PARTNERSHIP'::character varying, 'TEAM_BUILDING'::character varying, 'GROUP_ACTIVITY'::character varying, 'SOLO_FRIENDLY'::character varying, 'NETWORKING'::character varying, 'HOLIDAY_THEMED'::character varying, 'SEASONAL'::character varying, 'AWARENESS_CAMPAIGN'::character varying, 'ADVOCACY'::character varying, 'DIRECT_SERVICE'::character varying, 'ADMINISTRATIVE'::character varying, 'REMOTE_WORK'::character varying])::text[])))
);


ALTER TABLE public.event_tags OWNER TO myuser;

--
-- Name: events; Type: TABLE; Schema: public; Owner: myuser
--

CREATE TABLE public.events (
    id bigint NOT NULL,
    cancel_reason character varying(500),
    cancelled_at timestamp(6) without time zone,
    created_at timestamp(6) without time zone NOT NULL,
    description character varying(3000),
    end_date_time timestamp(6) without time zone,
    event_date_time timestamp(6) without time zone,
    location character varying(500),
    max_participants integer,
    registration_deadline timestamp(6) without time zone,
    rejection_reason character varying(500),
    status character varying(255) NOT NULL,
    title character varying(255),
    updated_at timestamp(6) without time zone NOT NULL,
    version bigint NOT NULL,
    waitlist_enabled boolean NOT NULL,
    creator_id bigint NOT NULL,
    CONSTRAINT events_status_check CHECK (((status)::text = ANY ((ARRAY['DRAFT'::character varying, 'PENDING'::character varying, 'PUBLISHED'::character varying, 'CANCELLED'::character varying, 'COMPLETED'::character varying])::text[])))
);


ALTER TABLE public.events OWNER TO myuser;

--
-- Name: events_id_seq; Type: SEQUENCE; Schema: public; Owner: myuser
--

ALTER TABLE public.events ALTER COLUMN id ADD GENERATED BY DEFAULT AS IDENTITY (
    SEQUENCE NAME public.events_id_seq
    START WITH 1
    INCREMENT BY 1
    NO MINVALUE
    NO MAXVALUE
    CACHE 1
);


--
-- Name: fcm_tokens; Type: TABLE; Schema: public; Owner: myuser
--

CREATE TABLE public.fcm_tokens (
    id bigint NOT NULL,
    created_at timestamp(6) without time zone,
    token character varying(512) NOT NULL,
    user_id bigint NOT NULL
);


ALTER TABLE public.fcm_tokens OWNER TO myuser;

--
-- Name: fcm_tokens_id_seq; Type: SEQUENCE; Schema: public; Owner: myuser
--

ALTER TABLE public.fcm_tokens ALTER COLUMN id ADD GENERATED BY DEFAULT AS IDENTITY (
    SEQUENCE NAME public.fcm_tokens_id_seq
    START WITH 1
    INCREMENT BY 1
    NO MINVALUE
    NO MAXVALUE
    CACHE 1
);


--
-- Name: images; Type: TABLE; Schema: public; Owner: myuser
--

CREATE TABLE public.images (
    id bigint NOT NULL,
    content_type character varying(255) NOT NULL,
    original_file_name character varying(255) NOT NULL,
    status character varying(255),
    temporary_file_path character varying(255),
    url character varying(512),
    event_id bigint,
    post_id bigint,
    CONSTRAINT images_status_check CHECK (((status)::text = ANY ((ARRAY['PENDING_UPLOAD'::character varying, 'UPLOADED'::character varying, 'UPLOAD_FAILED'::character varying])::text[])))
);


ALTER TABLE public.images OWNER TO myuser;

--
-- Name: images_id_seq; Type: SEQUENCE; Schema: public; Owner: myuser
--

ALTER TABLE public.images ALTER COLUMN id ADD GENERATED BY DEFAULT AS IDENTITY (
    SEQUENCE NAME public.images_id_seq
    START WITH 1
    INCREMENT BY 1
    NO MINVALUE
    NO MAXVALUE
    CACHE 1
);


--
-- Name: notifications; Type: TABLE; Schema: public; Owner: myuser
--

CREATE TABLE public.notifications (
    id bigint NOT NULL,
    content character varying(512) NOT NULL,
    created_at timestamp(6) without time zone,
    is_read boolean NOT NULL,
    link character varying(512),
    recipient_id bigint NOT NULL
);


ALTER TABLE public.notifications OWNER TO myuser;

--
-- Name: notifications_id_seq; Type: SEQUENCE; Schema: public; Owner: myuser
--

ALTER TABLE public.notifications ALTER COLUMN id ADD GENERATED BY DEFAULT AS IDENTITY (
    SEQUENCE NAME public.notifications_id_seq
    START WITH 1
    INCREMENT BY 1
    NO MINVALUE
    NO MAXVALUE
    CACHE 1
);


--
-- Name: post_likes; Type: TABLE; Schema: public; Owner: myuser
--

CREATE TABLE public.post_likes (
    id bigint NOT NULL,
    post_id bigint NOT NULL,
    user_id bigint NOT NULL
);


ALTER TABLE public.post_likes OWNER TO myuser;

--
-- Name: post_likes_id_seq; Type: SEQUENCE; Schema: public; Owner: myuser
--

ALTER TABLE public.post_likes ALTER COLUMN id ADD GENERATED BY DEFAULT AS IDENTITY (
    SEQUENCE NAME public.post_likes_id_seq
    START WITH 1
    INCREMENT BY 1
    NO MINVALUE
    NO MAXVALUE
    CACHE 1
);


--
-- Name: posts; Type: TABLE; Schema: public; Owner: myuser
--

CREATE TABLE public.posts (
    id bigint NOT NULL,
    content text,
    created_at timestamp(6) without time zone,
    updated_at timestamp(6) without time zone,
    version bigint NOT NULL,
    author_id bigint NOT NULL,
    event_id bigint NOT NULL
);


ALTER TABLE public.posts OWNER TO myuser;

--
-- Name: posts_id_seq; Type: SEQUENCE; Schema: public; Owner: myuser
--

ALTER TABLE public.posts ALTER COLUMN id ADD GENERATED BY DEFAULT AS IDENTITY (
    SEQUENCE NAME public.posts_id_seq
    START WITH 1
    INCREMENT BY 1
    NO MINVALUE
    NO MAXVALUE
    CACHE 1
);


--
-- Name: refresh_tokens; Type: TABLE; Schema: public; Owner: myuser
--

CREATE TABLE public.refresh_tokens (
    id bigint NOT NULL,
    created_at timestamp(6) without time zone NOT NULL,
    expires_at timestamp(6) without time zone NOT NULL,
    ip_address character varying(50),
    replaced_by_token character varying(500),
    revoked_at timestamp(6) without time zone,
    token character varying(500) NOT NULL,
    user_agent character varying(500),
    user_id bigint NOT NULL
);


ALTER TABLE public.refresh_tokens OWNER TO myuser;

--
-- Name: refresh_tokens_id_seq; Type: SEQUENCE; Schema: public; Owner: myuser
--

ALTER TABLE public.refresh_tokens ALTER COLUMN id ADD GENERATED BY DEFAULT AS IDENTITY (
    SEQUENCE NAME public.refresh_tokens_id_seq
    START WITH 1
    INCREMENT BY 1
    NO MINVALUE
    NO MAXVALUE
    CACHE 1
);


--
-- Name: registrations; Type: TABLE; Schema: public; Owner: myuser
--

CREATE TABLE public.registrations (
    id bigint NOT NULL,
    registered_at timestamp(6) without time zone,
    status character varying(255),
    waitlist_position integer,
    event_id bigint NOT NULL,
    user_id bigint NOT NULL,
    CONSTRAINT registrations_status_check CHECK (((status)::text = ANY ((ARRAY['PENDING'::character varying, 'APPROVED'::character varying, 'REJECTED'::character varying, 'CANCELLED'::character varying, 'COMPLETED'::character varying, 'WAITLISTED'::character varying])::text[])))
);


ALTER TABLE public.registrations OWNER TO myuser;

--
-- Name: registrations_id_seq; Type: SEQUENCE; Schema: public; Owner: myuser
--

ALTER TABLE public.registrations ALTER COLUMN id ADD GENERATED BY DEFAULT AS IDENTITY (
    SEQUENCE NAME public.registrations_id_seq
    START WITH 1
    INCREMENT BY 1
    NO MINVALUE
    NO MAXVALUE
    CACHE 1
);


--
-- Name: reports; Type: TABLE; Schema: public; Owner: myuser
--

CREATE TABLE public.reports (
    id bigint NOT NULL,
    created_at timestamp(6) without time zone,
    description text,
    reason character varying(50) NOT NULL,
    review_note text,
    reviewed_at timestamp(6) without time zone,
    status character varying(20) NOT NULL,
    target_id bigint NOT NULL,
    report_type character varying(20) NOT NULL,
    reporter_id bigint NOT NULL,
    reviewed_by_id bigint,
    CONSTRAINT reports_reason_check CHECK (((reason)::text = ANY ((ARRAY['SPAM'::character varying, 'HARASSMENT'::character varying, 'HATE_SPEECH'::character varying, 'INAPPROPRIATE_CONTENT'::character varying, 'MISINFORMATION'::character varying, 'VIOLENCE'::character varying, 'OTHER'::character varying])::text[]))),
    CONSTRAINT reports_report_type_check CHECK (((report_type)::text = ANY ((ARRAY['POST'::character varying, 'COMMENT'::character varying])::text[]))),
    CONSTRAINT reports_status_check CHECK (((status)::text = ANY ((ARRAY['PENDING'::character varying, 'UNDER_REVIEW'::character varying, 'RESOLVED'::character varying, 'DISMISSED'::character varying])::text[])))
);


ALTER TABLE public.reports OWNER TO myuser;

--
-- Name: reports_id_seq; Type: SEQUENCE; Schema: public; Owner: myuser
--

ALTER TABLE public.reports ALTER COLUMN id ADD GENERATED BY DEFAULT AS IDENTITY (
    SEQUENCE NAME public.reports_id_seq
    START WITH 1
    INCREMENT BY 1
    NO MINVALUE
    NO MAXVALUE
    CACHE 1
);


--
-- Name: user_interests; Type: TABLE; Schema: public; Owner: myuser
--

CREATE TABLE public.user_interests (
    user_id bigint NOT NULL,
    interest character varying(255),
    CONSTRAINT user_interests_interest_check CHECK (((interest)::text = ANY ((ARRAY['POVERTY_ALLEVIATION'::character varying, 'HOMELESSNESS'::character varying, 'HUNGER_RELIEF'::character varying, 'AFFORDABLE_HOUSING'::character varying, 'SOCIAL_JUSTICE'::character varying, 'HUMAN_RIGHTS'::character varying, 'REFUGEE_SUPPORT'::character varying, 'IMMIGRATION'::character varying, 'EDUCATION'::character varying, 'YOUTH_DEVELOPMENT'::character varying, 'LITERACY'::character varying, 'AFTER_SCHOOL_PROGRAMS'::character varying, 'MENTORSHIP'::character varying, 'SCHOLARSHIP_PROGRAMS'::character varying, 'EARLY_CHILDHOOD_EDUCATION'::character varying, 'ADULT_EDUCATION'::character varying, 'HEALTHCARE'::character varying, 'MENTAL_HEALTH'::character varying, 'DISABILITY_SUPPORT'::character varying, 'ELDERLY_CARE'::character varying, 'HOSPICE_CARE'::character varying, 'ADDICTION_RECOVERY'::character varying, 'CHRONIC_ILLNESS_SUPPORT'::character varying, 'PUBLIC_HEALTH'::character varying, 'NUTRITION'::character varying, 'FITNESS_WELLNESS'::character varying, 'ENVIRONMENTAL_CONSERVATION'::character varying, 'CLIMATE_CHANGE'::character varying, 'RECYCLING'::character varying, 'RENEWABLE_ENERGY'::character varying, 'WILDLIFE_PROTECTION'::character varying, 'OCEAN_CONSERVATION'::character varying, 'FOREST_CONSERVATION'::character varying, 'SUSTAINABLE_AGRICULTURE'::character varying, 'WATER_CONSERVATION'::character varying, 'POLLUTION_REDUCTION'::character varying, 'ANIMAL_WELFARE'::character varying, 'ANIMAL_RESCUE'::character varying, 'PET_ADOPTION'::character varying, 'WILDLIFE_REHABILITATION'::character varying, 'FARM_ANIMAL_PROTECTION'::character varying, 'MARINE_ANIMAL_CONSERVATION'::character varying, 'ARTS_CULTURE'::character varying, 'MUSIC'::character varying, 'THEATER'::character varying, 'MUSEUMS'::character varying, 'LIBRARIES'::character varying, 'CULTURAL_PRESERVATION'::character varying, 'HERITAGE_CONSERVATION'::character varying, 'PUBLIC_ART'::character varying, 'COMMUNITY_BUILDING'::character varying, 'NEIGHBORHOOD_IMPROVEMENT'::character varying, 'URBAN_PLANNING'::character varying, 'RURAL_DEVELOPMENT'::character varying, 'ECONOMIC_DEVELOPMENT'::character varying, 'SMALL_BUSINESS_SUPPORT'::character varying, 'CHILD_WELFARE'::character varying, 'FOSTER_CARE'::character varying, 'FAMILY_SUPPORT'::character varying, 'PARENTING_EDUCATION'::character varying, 'CHILD_PROTECTION'::character varying, 'SINGLE_PARENT_SUPPORT'::character varying, 'SENIOR_SERVICES'::character varying, 'ELDER_ABUSE_PREVENTION'::character varying, 'RETIREMENT_COMMUNITY'::character varying, 'ALZHEIMERS_SUPPORT'::character varying, 'AGING_IN_PLACE'::character varying, 'WOMENS_RIGHTS'::character varying, 'GIRLS_EMPOWERMENT'::character varying, 'GENDER_EQUALITY'::character varying, 'DOMESTIC_VIOLENCE_PREVENTION'::character varying, 'MATERNAL_HEALTH'::character varying, 'WOMEN_ENTREPRENEURSHIP'::character varying, 'VETERANS_SUPPORT'::character varying, 'MILITARY_FAMILIES'::character varying, 'PTSD_SUPPORT'::character varying, 'VETERAN_EMPLOYMENT'::character varying, 'DISASTER_RELIEF'::character varying, 'EMERGENCY_RESPONSE'::character varying, 'SEARCH_AND_RESCUE'::character varying, 'DISASTER_PREPAREDNESS'::character varying, 'HUMANITARIAN_AID'::character varying, 'SPORTS_RECREATION'::character varying, 'YOUTH_SPORTS'::character varying, 'ADAPTIVE_SPORTS'::character varying, 'OUTDOOR_RECREATION'::character varying, 'COMMUNITY_SPORTS'::character varying, 'DIGITAL_LITERACY'::character varying, 'TECH_EDUCATION'::character varying, 'OPEN_SOURCE'::character varying, 'INNOVATION'::character varying, 'STEM_EDUCATION'::character varying, 'LEGAL_AID'::character varying, 'CIVIL_RIGHTS'::character varying, 'ADVOCACY'::character varying, 'POLICY_REFORM'::character varying, 'VOTER_REGISTRATION'::character varying, 'CRIMINAL_JUSTICE_REFORM'::character varying, 'FAITH_BASED'::character varying, 'INTERFAITH_DIALOGUE'::character varying, 'SPIRITUAL_CARE'::character varying, 'RELIGIOUS_EDUCATION'::character varying, 'INTERNATIONAL_DEVELOPMENT'::character varying, 'GLOBAL_HEALTH'::character varying, 'MICROFINANCE'::character varying, 'FAIR_TRADE'::character varying, 'PEACE_BUILDING'::character varying, 'CONFLICT_RESOLUTION'::character varying, 'LGBTQ_RIGHTS'::character varying, 'LGBTQ_YOUTH_SUPPORT'::character varying, 'PRIDE_EVENTS'::character varying, 'TRANSGENDER_SUPPORT'::character varying, 'JOB_TRAINING'::character varying, 'CAREER_COUNSELING'::character varying, 'EMPLOYMENT_SERVICES'::character varying, 'WORKFORCE_DEVELOPMENT'::character varying, 'ENTREPRENEURSHIP'::character varying, 'FOOD_BANKS'::character varying, 'COMMUNITY_GARDENS'::character varying, 'FOOD_SECURITY'::character varying, 'NUTRITION_EDUCATION'::character varying, 'SOUP_KITCHENS'::character varying, 'MEALS_ON_WHEELS'::character varying, 'HOMELESS_SHELTERS'::character varying, 'TRANSITIONAL_HOUSING'::character varying, 'HOME_REPAIR'::character varying, 'HABITAT_BUILDING'::character varying, 'VOLUNTEER_MANAGEMENT'::character varying, 'CIVIC_ENGAGEMENT'::character varying, 'COMMUNITY_SERVICE'::character varying, 'BOARD_GOVERNANCE'::character varying, 'NONPROFIT_LEADERSHIP'::character varying])::text[])))
);


ALTER TABLE public.user_interests OWNER TO myuser;

--
-- Name: user_skills; Type: TABLE; Schema: public; Owner: myuser
--

CREATE TABLE public.user_skills (
    user_id bigint NOT NULL,
    skill character varying(255),
    CONSTRAINT user_skills_skill_check CHECK (((skill)::text = ANY ((ARRAY['PUBLIC_SPEAKING'::character varying, 'COMMUNICATION'::character varying, 'ACTIVE_LISTENING'::character varying, 'PRESENTATION'::character varying, 'WRITING'::character varying, 'TRANSLATION'::character varying, 'SIGN_LANGUAGE'::character varying, 'LEADERSHIP'::character varying, 'TEAM_MANAGEMENT'::character varying, 'PROJECT_MANAGEMENT'::character varying, 'EVENT_PLANNING'::character varying, 'COORDINATION'::character varying, 'PROBLEM_SOLVING'::character varying, 'DECISION_MAKING'::character varying, 'CONFLICT_RESOLUTION'::character varying, 'TEACHING'::character varying, 'TUTORING'::character varying, 'MENTORING'::character varying, 'COACHING'::character varying, 'TRAINING'::character varying, 'CURRICULUM_DEVELOPMENT'::character varying, 'CHILD_CARE'::character varying, 'FIRST_AID'::character varying, 'CPR'::character varying, 'NURSING'::character varying, 'COUNSELING'::character varying, 'MENTAL_HEALTH_SUPPORT'::character varying, 'PHYSICAL_THERAPY'::character varying, 'NUTRITION'::character varying, 'YOGA_INSTRUCTION'::character varying, 'WEB_DEVELOPMENT'::character varying, 'MOBILE_APP_DEVELOPMENT'::character varying, 'GRAPHIC_DESIGN'::character varying, 'VIDEO_EDITING'::character varying, 'PHOTOGRAPHY'::character varying, 'SOCIAL_MEDIA_MANAGEMENT'::character varying, 'DATA_ANALYSIS'::character varying, 'DATABASE_MANAGEMENT'::character varying, 'IT_SUPPORT'::character varying, 'MUSIC'::character varying, 'PAINTING'::character varying, 'DRAWING'::character varying, 'CRAFTS'::character varying, 'PERFORMING_ARTS'::character varying, 'DANCE'::character varying, 'DRAMA'::character varying, 'CREATIVE_WRITING'::character varying, 'CARPENTRY'::character varying, 'PLUMBING'::character varying, 'ELECTRICAL_WORK'::character varying, 'PAINTING_DECORATING'::character varying, 'GARDENING'::character varying, 'LANDSCAPING'::character varying, 'MECHANICAL_REPAIR'::character varying, 'CONSTRUCTION'::character varying, 'COOKING'::character varying, 'BAKING'::character varying, 'FOOD_PREPARATION'::character varying, 'FOOD_SERVICE'::character varying, 'CATERING'::character varying, 'RESTAURANT_MANAGEMENT'::character varying, 'ADMINISTRATIVE_SUPPORT'::character varying, 'DATA_ENTRY'::character varying, 'BOOKKEEPING'::character varying, 'ACCOUNTING'::character varying, 'FUNDRAISING'::character varying, 'GRANT_WRITING'::character varying, 'MARKETING'::character varying, 'SALES'::character varying, 'CUSTOMER_SERVICE'::character varying, 'LEGAL_ADVICE'::character varying, 'ENVIRONMENTAL_CONSERVATION'::character varying, 'RECYCLING'::character varying, 'WILDLIFE_CARE'::character varying, 'FARMING'::character varying, 'HIKING_GUIDING'::character varying, 'OUTDOOR_EDUCATION'::character varying, 'SPORTS_COACHING'::character varying, 'FITNESS_TRAINING'::character varying, 'SWIMMING_INSTRUCTION'::character varying, 'MARTIAL_ARTS'::character varying, 'SPORTS_OFFICIATING'::character varying, 'ENGLISH'::character varying, 'SPANISH'::character varying, 'FRENCH'::character varying, 'MANDARIN'::character varying, 'ARABIC'::character varying, 'GERMAN'::character varying, 'JAPANESE'::character varying, 'PORTUGUESE'::character varying, 'RUSSIAN'::character varying, 'HINDI'::character varying, 'ANIMAL_CARE'::character varying, 'DOG_TRAINING'::character varying, 'VETERINARY_ASSISTANCE'::character varying, 'PET_GROOMING'::character varying, 'DRIVING'::character varying, 'DELIVERY'::character varying, 'TRANSPORTATION_COORDINATION'::character varying, 'RESEARCH'::character varying, 'SURVEYING'::character varying, 'INTERVIEWING'::character varying, 'ADVOCACY'::character varying, 'COMMUNITY_ORGANIZING'::character varying, 'PEER_SUPPORT'::character varying, 'CRISIS_INTERVENTION'::character varying])::text[])))
);


ALTER TABLE public.user_skills OWNER TO myuser;

--
-- Name: users; Type: TABLE; Schema: public; Owner: myuser
--

CREATE TABLE public.users (
    id bigint NOT NULL,
    bio character varying(500),
    created_at timestamp(6) without time zone NOT NULL,
    date_of_birth date,
    email character varying(255),
    gender character varying(20),
    is_email_verified boolean NOT NULL,
    is_locked boolean NOT NULL,
    last_login_at timestamp(6) without time zone,
    location character varying(100),
    name character varying(255),
    password_hash character varying(255),
    phone_number character varying(20),
    profile_picture_url character varying(255),
    role character varying(255),
    updated_at timestamp(6) without time zone,
    CONSTRAINT users_gender_check CHECK (((gender)::text = ANY ((ARRAY['MALE'::character varying, 'FEMALE'::character varying, 'OTHER'::character varying, 'PREFER_NOT_TO_SAY'::character varying])::text[]))),
    CONSTRAINT users_role_check CHECK (((role)::text = ANY ((ARRAY['VOLUNTEER'::character varying, 'EVENT_ORGANIZER'::character varying, 'ADMIN'::character varying])::text[])))
);


ALTER TABLE public.users OWNER TO myuser;

--
-- Name: users_id_seq; Type: SEQUENCE; Schema: public; Owner: myuser
--

ALTER TABLE public.users ALTER COLUMN id ADD GENERATED BY DEFAULT AS IDENTITY (
    SEQUENCE NAME public.users_id_seq
    START WITH 1
    INCREMENT BY 1
    NO MINVALUE
    NO MAXVALUE
    CACHE 1
);


--
-- Data for Name: comments; Type: TABLE DATA; Schema: public; Owner: myuser
--

COPY public.comments (id, content, created_at, author_id, parent_comment_id, post_id) FROM stdin;
\.


--
-- Data for Name: email_verification_tokens; Type: TABLE DATA; Schema: public; Owner: myuser
--

COPY public.email_verification_tokens (id, created_at, expires_at, token, verified_at, user_id) FROM stdin;
1	2025-11-19 23:55:26.856249	2025-11-20 23:55:26.856249	f4e5d10f-0fc1-482c-a2aa-dbf6b5fb6aad	\N	1
2	2025-11-20 14:49:09.01529	2025-11-21 14:49:09.01529	d594a63f-1595-4db3-9a3f-6a7733483099	\N	2
3	2025-11-20 14:50:55.222654	2025-11-21 14:50:55.222654	3ad69542-258e-4a18-93a2-dd29af9ac3f8	\N	3
\.


--
-- Data for Name: event_tags; Type: TABLE DATA; Schema: public; Owner: myuser
--

COPY public.event_tags (event_id, tag) FROM stdin;
\.


--
-- Data for Name: events; Type: TABLE DATA; Schema: public; Owner: myuser
--

COPY public.events (id, cancel_reason, cancelled_at, created_at, description, end_date_time, event_date_time, location, max_participants, registration_deadline, rejection_reason, status, title, updated_at, version, waitlist_enabled, creator_id) FROM stdin;
1	\N	\N	2025-11-19 23:56:10.930069	tß╗½ thiß╗çn miß╗ün trung	2025-12-05 17:00:00	2025-11-29 17:00:00	Gia L├óm	20	2025-11-26 17:00:00	\N	PUBLISHED	Tß╗½ thiß╗çn	2025-11-20 14:49:43.047435	1	f	1
\.


--
-- Data for Name: fcm_tokens; Type: TABLE DATA; Schema: public; Owner: myuser
--

COPY public.fcm_tokens (id, created_at, token, user_id) FROM stdin;
\.


--
-- Data for Name: images; Type: TABLE DATA; Schema: public; Owner: myuser
--

COPY public.images (id, content_type, original_file_name, status, temporary_file_path, url, event_id, post_id) FROM stdin;
\.


--
-- Data for Name: notifications; Type: TABLE DATA; Schema: public; Owner: myuser
--

COPY public.notifications (id, content, created_at, is_read, link, recipient_id) FROM stdin;
1	Great news! Your event 'Tß╗½ thiß╗çn' has been approved and is now visible to volunteers.	2025-11-20 14:49:42.997116	f	/events/1	1
2	dotienloc has registered for your event 'Tß╗½ thiß╗çn'.	2025-11-20 18:25:21.742929	f	/events/1/registrations	1
3	Congratulations! Your registration for event 'Tß╗½ thiß╗çn' has been approved.	2025-11-22 11:53:04.436869	f	/events/1	3
36	Great news! Your event 'trß╗ông c├óy' has been approved and is now visible to volunteers.	2025-11-22 14:27:59.8748	f	/events/2	1
\.


--
-- Data for Name: post_likes; Type: TABLE DATA; Schema: public; Owner: myuser
--

COPY public.post_likes (id, post_id, user_id) FROM stdin;
\.


--
-- Data for Name: posts; Type: TABLE DATA; Schema: public; Owner: myuser
--

COPY public.posts (id, content, created_at, updated_at, version, author_id, event_id) FROM stdin;
\.


--
-- Data for Name: refresh_tokens; Type: TABLE DATA; Schema: public; Owner: myuser
--

COPY public.refresh_tokens (id, created_at, expires_at, ip_address, replaced_by_token, revoked_at, token, user_agent, user_id) FROM stdin;
1	2025-11-19 23:55:38.048019	2025-12-19 23:55:38.048019	0:0:0:0:0:0:0:1	\N	2025-11-20 14:47:00.699658	d06930f5-1a76-4a67-9574-874e15f1ddb6	Mozilla/5.0 (Windows NT 10.0; Win64; x64) AppleWebKit/537.36 (KHTML, like Gecko) Chrome/142.0.0.0 Safari/537.36	1
2	2025-11-20 14:49:17.50962	2025-12-20 14:49:17.50962	0:0:0:0:0:0:0:1	\N	2025-11-20 14:50:35.576567	45a25c7b-967e-455d-a3b8-40b15e7eaf73	Mozilla/5.0 (Windows NT 10.0; Win64; x64) AppleWebKit/537.36 (KHTML, like Gecko) Chrome/142.0.0.0 Safari/537.36	2
3	2025-11-20 14:51:01.299344	2025-12-20 14:51:01.299344	0:0:0:0:0:0:0:1	\N	2025-11-20 14:55:10.590147	5feb53ec-1edb-44db-a4dd-822f18e1cde7	Mozilla/5.0 (Windows NT 10.0; Win64; x64) AppleWebKit/537.36 (KHTML, like Gecko) Chrome/142.0.0.0 Safari/537.36	3
4	2025-11-20 14:55:15.599343	2025-12-20 14:55:15.599343	0:0:0:0:0:0:0:1	\N	2025-11-20 14:55:21.116344	9be8bad8-26f8-4d1d-bca0-5c100eb29ddb	Mozilla/5.0 (Windows NT 10.0; Win64; x64) AppleWebKit/537.36 (KHTML, like Gecko) Chrome/142.0.0.0 Safari/537.36	2
5	2025-11-20 14:55:26.606856	2025-12-20 14:55:26.606856	0:0:0:0:0:0:0:1	\N	\N	e67145f4-fbd5-471c-a63f-c8136d4a6b38	Mozilla/5.0 (Windows NT 10.0; Win64; x64) AppleWebKit/537.36 (KHTML, like Gecko) Chrome/142.0.0.0 Safari/537.36	1
6	2025-11-20 15:19:40.216612	2025-12-20 15:19:40.216612	0:0:0:0:0:0:0:1	\N	\N	3d40c020-110e-4ed7-8e25-9841b8dad2e7	Mozilla/5.0 (Windows NT 10.0; Win64; x64) AppleWebKit/537.36 (KHTML, like Gecko) Chrome/142.0.0.0 Safari/537.36	1
7	2025-11-20 15:49:44.068781	2025-12-20 15:49:44.068781	0:0:0:0:0:0:0:1	\N	\N	e04a44ad-7dd4-46a3-a2d8-6594bbf56e4d	Mozilla/5.0 (Windows NT 10.0; Win64; x64) AppleWebKit/537.36 (KHTML, like Gecko) Chrome/142.0.0.0 Safari/537.36	1
8	2025-11-20 16:24:39.527341	2025-12-20 16:24:39.527341	0:0:0:0:0:0:0:1	\N	2025-11-20 16:25:44.972493	571fc8ce-c64a-4e02-8cd2-9f86ae769133	Mozilla/5.0 (Windows NT 10.0; Win64; x64) AppleWebKit/537.36 (KHTML, like Gecko) Chrome/142.0.0.0 Safari/537.36	1
9	2025-11-20 16:25:49.99726	2025-12-20 16:25:49.99726	0:0:0:0:0:0:0:1	\N	\N	d994879d-7933-4448-9e3e-7564d2859dd7	Mozilla/5.0 (Windows NT 10.0; Win64; x64) AppleWebKit/537.36 (KHTML, like Gecko) Chrome/142.0.0.0 Safari/537.36	3
10	2025-11-20 16:58:03.519464	2025-12-20 16:58:03.519464	0:0:0:0:0:0:0:1	\N	2025-11-20 17:03:52.072454	5be6cd6f-a7a2-4c0f-a05e-c2255f4451c7	Mozilla/5.0 (Windows NT 10.0; Win64; x64) AppleWebKit/537.36 (KHTML, like Gecko) Chrome/142.0.0.0 Safari/537.36	3
11	2025-11-20 17:03:58.970821	2025-12-20 17:03:58.970821	0:0:0:0:0:0:0:1	\N	\N	a4a414a1-eaf0-45d0-bd6d-7c48b42c73e7	Mozilla/5.0 (Windows NT 10.0; Win64; x64) AppleWebKit/537.36 (KHTML, like Gecko) Chrome/142.0.0.0 Safari/537.36	1
12	2025-11-20 17:58:38.040678	2025-12-20 17:58:38.040678	0:0:0:0:0:0:0:1	\N	\N	8b7926ce-6acf-403b-9397-23b6f65d976d	Mozilla/5.0 (Windows NT 10.0; Win64; x64) AppleWebKit/537.36 (KHTML, like Gecko) Chrome/142.0.0.0 Safari/537.36	1
13	2025-11-20 18:14:22.387101	2025-12-20 18:14:22.387101	0:0:0:0:0:0:0:1	\N	2025-11-20 18:22:17.457945	e9eede0e-aec5-47b7-99af-383faa3506a5	Mozilla/5.0 (Windows NT 10.0; Win64; x64) AppleWebKit/537.36 (KHTML, like Gecko) Chrome/142.0.0.0 Safari/537.36	1
14	2025-11-20 18:22:21.676647	2025-12-20 18:22:21.676647	0:0:0:0:0:0:0:1	\N	2025-11-20 18:25:10.701835	95ecef33-9dd2-4fb8-a541-601bd5770fd4	Mozilla/5.0 (Windows NT 10.0; Win64; x64) AppleWebKit/537.36 (KHTML, like Gecko) Chrome/142.0.0.0 Safari/537.36	3
15	2025-11-20 18:25:15.271028	2025-12-20 18:25:15.271028	0:0:0:0:0:0:0:1	\N	2025-11-20 18:26:07.191601	9efca857-984b-492c-9a0b-ed0920cee3ec	Mozilla/5.0 (Windows NT 10.0; Win64; x64) AppleWebKit/537.36 (KHTML, like Gecko) Chrome/142.0.0.0 Safari/537.36	3
16	2025-11-20 18:26:12.290351	2025-12-20 18:26:12.290351	0:0:0:0:0:0:0:1	\N	\N	1071f78a-3f7f-4cce-84ae-0acd12723b0b	Mozilla/5.0 (Windows NT 10.0; Win64; x64) AppleWebKit/537.36 (KHTML, like Gecko) Chrome/142.0.0.0 Safari/537.36	1
17	2025-11-20 18:46:34.305164	2025-12-20 18:46:34.305164	0:0:0:0:0:0:0:1	\N	\N	823b7b92-cbfa-4911-bf86-f11c1ce294a3	Mozilla/5.0 (Windows NT 10.0; Win64; x64) AppleWebKit/537.36 (KHTML, like Gecko) Chrome/142.0.0.0 Safari/537.36	1
18	2025-11-20 19:15:40.803809	2025-12-20 19:15:40.803272	0:0:0:0:0:0:0:1	\N	2025-11-20 19:24:36.178559	f20a6de7-fc95-4938-b0db-90a34889a974	Mozilla/5.0 (Windows NT 10.0; Win64; x64) AppleWebKit/537.36 (KHTML, like Gecko) Chrome/142.0.0.0 Safari/537.36	1
19	2025-11-20 19:24:40.598896	2025-12-20 19:24:40.598896	0:0:0:0:0:0:0:1	\N	2025-11-20 19:25:23.822533	d586a14a-1b2d-41bb-960e-f79d15b50b34	Mozilla/5.0 (Windows NT 10.0; Win64; x64) AppleWebKit/537.36 (KHTML, like Gecko) Chrome/142.0.0.0 Safari/537.36	3
20	2025-11-20 19:25:27.722395	2025-12-20 19:25:27.722395	0:0:0:0:0:0:0:1	\N	\N	5dc9f335-80d2-4564-9b30-97421aa9afc4	Mozilla/5.0 (Windows NT 10.0; Win64; x64) AppleWebKit/537.36 (KHTML, like Gecko) Chrome/142.0.0.0 Safari/537.36	1
21	2025-11-20 22:07:50.775572	2025-12-20 22:07:50.775572	0:0:0:0:0:0:0:1	\N	\N	7ec694f9-8f48-4d29-9040-0b2f5b3fda2c	Mozilla/5.0 (Windows NT 10.0; Win64; x64) AppleWebKit/537.36 (KHTML, like Gecko) Chrome/142.0.0.0 Safari/537.36	1
22	2025-11-21 13:49:02.816977	2025-12-21 13:49:02.816977	0:0:0:0:0:0:0:1	\N	2025-11-21 13:49:50.326048	11853b70-1b76-4824-99f2-b7f1ac171218	Mozilla/5.0 (Windows NT 10.0; Win64; x64) AppleWebKit/537.36 (KHTML, like Gecko) Chrome/142.0.0.0 Safari/537.36	1
23	2025-11-21 13:50:36.033433	2025-12-21 13:50:36.033433	0:0:0:0:0:0:0:1	\N	\N	e7bc2c73-070a-418d-b2cd-130271776d9c	Mozilla/5.0 (Windows NT 10.0; Win64; x64) AppleWebKit/537.36 (KHTML, like Gecko) Chrome/142.0.0.0 Safari/537.36	1
55	2025-11-21 21:22:56.245491	2025-12-21 21:22:56.245491	0:0:0:0:0:0:0:1	\N	2025-11-21 21:28:43.078006	1a561330-de9c-4d8f-a1c9-4fc93dfc8bc6	Mozilla/5.0 (Windows NT 10.0; Win64; x64) AppleWebKit/537.36 (KHTML, like Gecko) Chrome/142.0.0.0 Safari/537.36	1
56	2025-11-21 21:29:04.567906	2025-12-21 21:29:04.567906	0:0:0:0:0:0:0:1	\N	\N	263468f1-f458-4883-a747-156d767ef061	Mozilla/5.0 (Windows NT 10.0; Win64; x64) AppleWebKit/537.36 (KHTML, like Gecko) Chrome/142.0.0.0 Safari/537.36	1
57	2025-11-21 22:18:36.275835	2025-12-21 22:18:36.275835	0:0:0:0:0:0:0:1	\N	2025-11-21 22:23:44.600406	d06399b3-3f05-4d9f-ac97-165288166a08	Mozilla/5.0 (Windows NT 10.0; Win64; x64) AppleWebKit/537.36 (KHTML, like Gecko) Chrome/142.0.0.0 Safari/537.36	1
58	2025-11-21 22:23:50.855279	2025-12-21 22:23:50.855279	0:0:0:0:0:0:0:1	\N	\N	c5acad16-f7c3-4ace-8309-62be24e32907	Mozilla/5.0 (Windows NT 10.0; Win64; x64) AppleWebKit/537.36 (KHTML, like Gecko) Chrome/142.0.0.0 Safari/537.36	1
59	2025-11-21 22:38:58.295853	2025-12-21 22:38:58.295853	0:0:0:0:0:0:0:1	\N	\N	b7efe561-a769-463b-a0c0-dab9e240ec91	Mozilla/5.0 (Windows NT 10.0; Win64; x64) AppleWebKit/537.36 (KHTML, like Gecko) Chrome/142.0.0.0 Safari/537.36	1
60	2025-11-21 22:55:40.328071	2025-12-21 22:55:40.328071	0:0:0:0:0:0:0:1	\N	2025-11-21 23:04:11.135101	b8e0e495-d957-48b0-9cad-b755919661e3	Mozilla/5.0 (Windows NT 10.0; Win64; x64) AppleWebKit/537.36 (KHTML, like Gecko) Chrome/142.0.0.0 Safari/537.36	1
61	2025-11-21 23:04:16.150445	2025-12-21 23:04:16.150445	0:0:0:0:0:0:0:1	\N	\N	d5997e80-bbd8-42a1-9aff-017f67ba080d	Mozilla/5.0 (Windows NT 10.0; Win64; x64) AppleWebKit/537.36 (KHTML, like Gecko) Chrome/142.0.0.0 Safari/537.36	1
95	2025-11-22 10:55:11.758602	2025-12-22 10:55:11.758602	0:0:0:0:0:0:0:1	\N	\N	eca3df1b-a663-4d41-972e-cb98c6f658f1	Mozilla/5.0 (Windows NT 10.0; Win64; x64) AppleWebKit/537.36 (KHTML, like Gecko) Chrome/142.0.0.0 Safari/537.36	1
62	2025-11-21 23:40:05.42113	2025-12-21 23:40:05.42113	0:0:0:0:0:0:0:1	\N	2025-11-22 10:56:53.989763	d8ed3085-3efe-4356-a77d-32db949eb826	Mozilla/5.0 (Windows NT 10.0; Win64; x64) AppleWebKit/537.36 (KHTML, like Gecko) Chrome/142.0.0.0 Safari/537.36	1
96	2025-11-22 10:56:58.782789	2025-12-22 10:56:58.782789	0:0:0:0:0:0:0:1	\N	2025-11-22 11:10:59.477544	354bb91c-b894-476a-9972-d7e167456c73	Mozilla/5.0 (Windows NT 10.0; Win64; x64) AppleWebKit/537.36 (KHTML, like Gecko) Chrome/142.0.0.0 Safari/537.36	1
97	2025-11-22 11:11:03.077299	2025-12-22 11:11:03.077299	0:0:0:0:0:0:0:1	\N	2025-11-22 11:11:44.132458	5f499a7f-3839-45cc-9188-c3f474bad7b7	Mozilla/5.0 (Windows NT 10.0; Win64; x64) AppleWebKit/537.36 (KHTML, like Gecko) Chrome/142.0.0.0 Safari/537.36	1
98	2025-11-22 11:12:11.939969	2025-12-22 11:12:11.939969	0:0:0:0:0:0:0:1	\N	2025-11-22 11:12:23.989001	3da6f45f-40c0-4431-a6f3-e8674d6866f5	Mozilla/5.0 (Windows NT 10.0; Win64; x64) AppleWebKit/537.36 (KHTML, like Gecko) Chrome/142.0.0.0 Safari/537.36	3
99	2025-11-22 11:12:28.113126	2025-12-22 11:12:28.113126	0:0:0:0:0:0:0:1	\N	2025-11-22 11:12:47.962309	5e95d4e1-49b9-469a-a0fe-5659b118124b	Mozilla/5.0 (Windows NT 10.0; Win64; x64) AppleWebKit/537.36 (KHTML, like Gecko) Chrome/142.0.0.0 Safari/537.36	2
100	2025-11-22 11:13:04.410385	2025-12-22 11:13:04.410385	0:0:0:0:0:0:0:1	\N	\N	f454fe2d-0a42-4db2-87b3-268e4614010f	Mozilla/5.0 (Windows NT 10.0; Win64; x64) AppleWebKit/537.36 (KHTML, like Gecko) Chrome/142.0.0.0 Safari/537.36	1
101	2025-11-22 11:35:42.999736	2025-12-22 11:35:42.999736	0:0:0:0:0:0:0:1	\N	\N	51202647-5670-4907-98f7-1d30d7c9a012	Mozilla/5.0 (Windows NT 10.0; Win64; x64) AppleWebKit/537.36 (KHTML, like Gecko) Chrome/142.0.0.0 Safari/537.36	1
102	2025-11-22 11:52:22.170169	2025-12-22 11:52:22.170169	0:0:0:0:0:0:0:1	\N	\N	3008b735-ef08-445e-9b05-b9e591ba1583	Mozilla/5.0 (Windows NT 10.0; Win64; x64) AppleWebKit/537.36 (KHTML, like Gecko) Chrome/142.0.0.0 Safari/537.36	1
135	2025-11-22 14:19:58.247132	2025-12-22 14:19:58.247132	0:0:0:0:0:0:0:1	\N	2025-11-22 14:27:36.712193	857a9b71-af28-46c7-abc2-c256fafab66b	Mozilla/5.0 (Windows NT 10.0; Win64; x64) AppleWebKit/537.36 (KHTML, like Gecko) Chrome/142.0.0.0 Safari/537.36	1
136	2025-11-22 14:27:45.301779	2025-12-22 14:27:45.301779	0:0:0:0:0:0:0:1	\N	\N	fefe0faf-ccfc-48f2-8277-7c42ad0058a7	Mozilla/5.0 (Windows NT 10.0; Win64; x64) AppleWebKit/537.36 (KHTML, like Gecko) Chrome/142.0.0.0 Safari/537.36	2
137	2025-11-22 14:43:32.694626	2025-12-22 14:43:32.694626	0:0:0:0:0:0:0:1	\N	2025-11-22 14:45:33.607885	7784b0bf-2bb3-495a-894b-6c60e7a8faa4	Mozilla/5.0 (Windows NT 10.0; Win64; x64) AppleWebKit/537.36 (KHTML, like Gecko) Chrome/142.0.0.0 Safari/537.36	2
138	2025-11-22 14:45:38.893567	2025-12-22 14:45:38.893567	0:0:0:0:0:0:0:1	\N	\N	606f18fd-c0a5-4667-897d-febd2bf6e7a0	Mozilla/5.0 (Windows NT 10.0; Win64; x64) AppleWebKit/537.36 (KHTML, like Gecko) Chrome/142.0.0.0 Safari/537.36	1
139	2025-11-22 15:02:35.078547	2025-12-22 15:02:35.078547	0:0:0:0:0:0:0:1	\N	2025-11-22 15:02:48.201841	fa6a095d-cb60-4cae-b7d7-0c68cd433207	Mozilla/5.0 (Windows NT 10.0; Win64; x64) AppleWebKit/537.36 (KHTML, like Gecko) Chrome/142.0.0.0 Safari/537.36	2
140	2025-11-22 15:02:53.457446	2025-12-22 15:02:53.457446	0:0:0:0:0:0:0:1	\N	\N	93ab3501-82bc-45f3-833f-dca68837e749	Mozilla/5.0 (Windows NT 10.0; Win64; x64) AppleWebKit/537.36 (KHTML, like Gecko) Chrome/142.0.0.0 Safari/537.36	1
141	2025-11-22 15:22:25.530958	2025-12-22 15:22:25.530958	0:0:0:0:0:0:0:1	\N	\N	655ae431-6a16-4a8e-a5b8-18157dd536ef	Mozilla/5.0 (Windows NT 10.0; Win64; x64) AppleWebKit/537.36 (KHTML, like Gecko) Chrome/142.0.0.0 Safari/537.36	1
142	2025-11-22 15:49:12.367981	2025-12-22 15:49:12.367981	0:0:0:0:0:0:0:1	\N	\N	76af5186-23f7-43d0-8ef6-b32c18da7d61	Mozilla/5.0 (Windows NT 10.0; Win64; x64) AppleWebKit/537.36 (KHTML, like Gecko) Chrome/142.0.0.0 Safari/537.36	1
143	2025-11-22 16:25:04.156183	2025-12-22 16:25:04.156183	0:0:0:0:0:0:0:1	\N	\N	ebd1866c-ad9d-489a-babf-36318d9461d1	Mozilla/5.0 (Windows NT 10.0; Win64; x64) AppleWebKit/537.36 (KHTML, like Gecko) Chrome/142.0.0.0 Safari/537.36	1
144	2025-11-22 16:46:20.334648	2025-12-22 16:46:20.334648	0:0:0:0:0:0:0:1	\N	\N	4fc61241-4c87-414a-a513-52b6ede21be4	Mozilla/5.0 (Windows NT 10.0; Win64; x64) AppleWebKit/537.36 (KHTML, like Gecko) Chrome/142.0.0.0 Safari/537.36	1
145	2025-11-22 17:02:17.524706	2025-12-22 17:02:17.524647	0:0:0:0:0:0:0:1	\N	\N	06512c6f-5dbe-4cc8-ba9b-b9803ae7bcc2	Mozilla/5.0 (Windows NT 10.0; Win64; x64) AppleWebKit/537.36 (KHTML, like Gecko) Chrome/142.0.0.0 Safari/537.36	1
146	2025-11-22 17:39:41.221611	2025-12-22 17:39:41.221599	0:0:0:0:0:0:0:1	\N	\N	0307e60e-5159-44e1-88f7-848a9c76709f	Mozilla/5.0 (Windows NT 10.0; Win64; x64) AppleWebKit/537.36 (KHTML, like Gecko) Chrome/142.0.0.0 Safari/537.36	1
147	2025-11-22 17:55:07.113173	2025-12-22 17:55:07.113173	0:0:0:0:0:0:0:1	\N	\N	9eb2b68b-7920-4d6b-bae2-0a3a6084cb9f	Mozilla/5.0 (Windows NT 10.0; Win64; x64) AppleWebKit/537.36 (KHTML, like Gecko) Chrome/142.0.0.0 Safari/537.36	1
148	2025-11-22 18:11:41.828101	2025-12-22 18:11:41.828101	0:0:0:0:0:0:0:1	\N	\N	db085a31-504b-40e4-8182-92d7e0cc6b30	Mozilla/5.0 (Windows NT 10.0; Win64; x64) AppleWebKit/537.36 (KHTML, like Gecko) Chrome/142.0.0.0 Safari/537.36	1
149	2025-11-22 18:40:16.890018	2025-12-22 18:40:16.890018	0:0:0:0:0:0:0:1	\N	\N	31c37b28-9a7e-48df-af49-52a671ce57e0	Mozilla/5.0 (Windows NT 10.0; Win64; x64) AppleWebKit/537.36 (KHTML, like Gecko) Chrome/142.0.0.0 Safari/537.36	1
\.


--
-- Data for Name: registrations; Type: TABLE DATA; Schema: public; Owner: myuser
--

COPY public.registrations (id, registered_at, status, waitlist_position, event_id, user_id) FROM stdin;
1	2025-11-20 18:25:21.317259	APPROVED	\N	1	3
\.


--
-- Data for Name: reports; Type: TABLE DATA; Schema: public; Owner: myuser
--

COPY public.reports (id, created_at, description, reason, review_note, reviewed_at, status, target_id, report_type, reporter_id, reviewed_by_id) FROM stdin;
\.


--
-- Data for Name: user_interests; Type: TABLE DATA; Schema: public; Owner: myuser
--

COPY public.user_interests (user_id, interest) FROM stdin;
\.


--
-- Data for Name: user_skills; Type: TABLE DATA; Schema: public; Owner: myuser
--

COPY public.user_skills (user_id, skill) FROM stdin;
\.


--
-- Data for Name: users; Type: TABLE DATA; Schema: public; Owner: myuser
--

COPY public.users (id, bio, created_at, date_of_birth, email, gender, is_email_verified, is_locked, last_login_at, location, name, password_hash, phone_number, profile_picture_url, role, updated_at) FROM stdin;
2	\N	2025-11-20 14:49:08.905195	\N	23021616@vnu.edu.vn	FEMALE	f	f	2025-11-22 15:02:35.06911	\N	dotienloc	$2a$10$Nu4uCYR5gzwe6bx7M9PaG.ogcXB6Td7GKMUCW/2wNl5ubR02yuNP6	\N	\N	ADMIN	2025-11-22 15:02:35.069641
1	\N	2025-11-19 23:55:26.736447	\N	dotienloc2005@gmail.com	MALE	f	f	2025-11-22 18:40:16.879781	\N	dotienloc	$2a$10$WrpUAY96btWYtRZMnoPAIuflfjVQgncratDSgjS8i9sJ25OTalZYi	\N	\N	EVENT_ORGANIZER	2025-11-22 18:40:16.880884
3	\N	2025-11-20 14:50:55.20277	\N	tienlockl2005@gmail.com	FEMALE	f	f	2025-11-22 11:12:11.931757	\N	dotienloc	$2a$10$TvGTndU.0AXBlNPbSbEFSeLjYa49wc5PFdZofN9pdGSUH5od8Neee	\N	\N	VOLUNTEER	2025-11-22 11:12:11.932739
\.


--
-- Name: comments_id_seq; Type: SEQUENCE SET; Schema: public; Owner: myuser
--

SELECT pg_catalog.setval('public.comments_id_seq', 1, false);


--
-- Name: email_verification_tokens_id_seq; Type: SEQUENCE SET; Schema: public; Owner: myuser
--

SELECT pg_catalog.setval('public.email_verification_tokens_id_seq', 3, true);


--
-- Name: events_id_seq; Type: SEQUENCE SET; Schema: public; Owner: myuser
--

SELECT pg_catalog.setval('public.events_id_seq', 2, true);


--
-- Name: fcm_tokens_id_seq; Type: SEQUENCE SET; Schema: public; Owner: myuser
--

SELECT pg_catalog.setval('public.fcm_tokens_id_seq', 1, false);


--
-- Name: images_id_seq; Type: SEQUENCE SET; Schema: public; Owner: myuser
--

SELECT pg_catalog.setval('public.images_id_seq', 2, true);


--
-- Name: notifications_id_seq; Type: SEQUENCE SET; Schema: public; Owner: myuser
--

SELECT pg_catalog.setval('public.notifications_id_seq', 36, true);


--
-- Name: post_likes_id_seq; Type: SEQUENCE SET; Schema: public; Owner: myuser
--

SELECT pg_catalog.setval('public.post_likes_id_seq', 1, false);


--
-- Name: posts_id_seq; Type: SEQUENCE SET; Schema: public; Owner: myuser
--

SELECT pg_catalog.setval('public.posts_id_seq', 1, false);


--
-- Name: refresh_tokens_id_seq; Type: SEQUENCE SET; Schema: public; Owner: myuser
--

SELECT pg_catalog.setval('public.refresh_tokens_id_seq', 149, true);


--
-- Name: registrations_id_seq; Type: SEQUENCE SET; Schema: public; Owner: myuser
--

SELECT pg_catalog.setval('public.registrations_id_seq', 1, true);


--
-- Name: reports_id_seq; Type: SEQUENCE SET; Schema: public; Owner: myuser
--

SELECT pg_catalog.setval('public.reports_id_seq', 1, false);


--
-- Name: users_id_seq; Type: SEQUENCE SET; Schema: public; Owner: myuser
--

SELECT pg_catalog.setval('public.users_id_seq', 3, true);


--
-- Name: comments comments_pkey; Type: CONSTRAINT; Schema: public; Owner: myuser
--

ALTER TABLE ONLY public.comments
    ADD CONSTRAINT comments_pkey PRIMARY KEY (id);


--
-- Name: email_verification_tokens email_verification_tokens_pkey; Type: CONSTRAINT; Schema: public; Owner: myuser
--

ALTER TABLE ONLY public.email_verification_tokens
    ADD CONSTRAINT email_verification_tokens_pkey PRIMARY KEY (id);


--
-- Name: events events_pkey; Type: CONSTRAINT; Schema: public; Owner: myuser
--

ALTER TABLE ONLY public.events
    ADD CONSTRAINT events_pkey PRIMARY KEY (id);


--
-- Name: fcm_tokens fcm_tokens_pkey; Type: CONSTRAINT; Schema: public; Owner: myuser
--

ALTER TABLE ONLY public.fcm_tokens
    ADD CONSTRAINT fcm_tokens_pkey PRIMARY KEY (id);


--
-- Name: refresh_tokens idx_refresh_tokens_token; Type: CONSTRAINT; Schema: public; Owner: myuser
--

ALTER TABLE ONLY public.refresh_tokens
    ADD CONSTRAINT idx_refresh_tokens_token UNIQUE (token);


--
-- Name: users idx_users_email; Type: CONSTRAINT; Schema: public; Owner: myuser
--

ALTER TABLE ONLY public.users
    ADD CONSTRAINT idx_users_email UNIQUE (email);


--
-- Name: email_verification_tokens idx_verification_token; Type: CONSTRAINT; Schema: public; Owner: myuser
--

ALTER TABLE ONLY public.email_verification_tokens
    ADD CONSTRAINT idx_verification_token UNIQUE (token);


--
-- Name: images images_pkey; Type: CONSTRAINT; Schema: public; Owner: myuser
--

ALTER TABLE ONLY public.images
    ADD CONSTRAINT images_pkey PRIMARY KEY (id);


--
-- Name: notifications notifications_pkey; Type: CONSTRAINT; Schema: public; Owner: myuser
--

ALTER TABLE ONLY public.notifications
    ADD CONSTRAINT notifications_pkey PRIMARY KEY (id);


--
-- Name: post_likes post_likes_pkey; Type: CONSTRAINT; Schema: public; Owner: myuser
--

ALTER TABLE ONLY public.post_likes
    ADD CONSTRAINT post_likes_pkey PRIMARY KEY (id);


--
-- Name: posts posts_pkey; Type: CONSTRAINT; Schema: public; Owner: myuser
--

ALTER TABLE ONLY public.posts
    ADD CONSTRAINT posts_pkey PRIMARY KEY (id);


--
-- Name: refresh_tokens refresh_tokens_pkey; Type: CONSTRAINT; Schema: public; Owner: myuser
--

ALTER TABLE ONLY public.refresh_tokens
    ADD CONSTRAINT refresh_tokens_pkey PRIMARY KEY (id);


--
-- Name: registrations registrations_pkey; Type: CONSTRAINT; Schema: public; Owner: myuser
--

ALTER TABLE ONLY public.registrations
    ADD CONSTRAINT registrations_pkey PRIMARY KEY (id);


--
-- Name: reports reports_pkey; Type: CONSTRAINT; Schema: public; Owner: myuser
--

ALTER TABLE ONLY public.reports
    ADD CONSTRAINT reports_pkey PRIMARY KEY (id);


--
-- Name: post_likes uk5l2rj28vw5oj6f7ox746grokg; Type: CONSTRAINT; Schema: public; Owner: myuser
--

ALTER TABLE ONLY public.post_likes
    ADD CONSTRAINT uk5l2rj28vw5oj6f7ox746grokg UNIQUE (user_id, post_id);


--
-- Name: registrations ukbrdl17v3ui61wtddfg4iaoktr; Type: CONSTRAINT; Schema: public; Owner: myuser
--

ALTER TABLE ONLY public.registrations
    ADD CONSTRAINT ukbrdl17v3ui61wtddfg4iaoktr UNIQUE (user_id, event_id);


--
-- Name: fcm_tokens ukqopjyk0c1cho2ep0abxd9hi5q; Type: CONSTRAINT; Schema: public; Owner: myuser
--

ALTER TABLE ONLY public.fcm_tokens
    ADD CONSTRAINT ukqopjyk0c1cho2ep0abxd9hi5q UNIQUE (token);


--
-- Name: users users_pkey; Type: CONSTRAINT; Schema: public; Owner: myuser
--

ALTER TABLE ONLY public.users
    ADD CONSTRAINT users_pkey PRIMARY KEY (id);


--
-- Name: idx_comments_author_id; Type: INDEX; Schema: public; Owner: myuser
--

CREATE INDEX idx_comments_author_id ON public.comments USING btree (author_id);


--
-- Name: idx_comments_parent_id; Type: INDEX; Schema: public; Owner: myuser
--

CREATE INDEX idx_comments_parent_id ON public.comments USING btree (parent_comment_id);


--
-- Name: idx_comments_post_created; Type: INDEX; Schema: public; Owner: myuser
--

CREATE INDEX idx_comments_post_created ON public.comments USING btree (post_id, created_at);


--
-- Name: idx_event_tags_tag; Type: INDEX; Schema: public; Owner: myuser
--

CREATE INDEX idx_event_tags_tag ON public.event_tags USING btree (tag);


--
-- Name: idx_events_created_at; Type: INDEX; Schema: public; Owner: myuser
--

CREATE INDEX idx_events_created_at ON public.events USING btree (created_at);


--
-- Name: idx_events_creator_id; Type: INDEX; Schema: public; Owner: myuser
--

CREATE INDEX idx_events_creator_id ON public.events USING btree (creator_id);


--
-- Name: idx_events_creator_status; Type: INDEX; Schema: public; Owner: myuser
--

CREATE INDEX idx_events_creator_status ON public.events USING btree (creator_id, status);


--
-- Name: idx_events_end_datetime; Type: INDEX; Schema: public; Owner: myuser
--

CREATE INDEX idx_events_end_datetime ON public.events USING btree (end_date_time);


--
-- Name: idx_events_location; Type: INDEX; Schema: public; Owner: myuser
--

CREATE INDEX idx_events_location ON public.events USING btree (location);


--
-- Name: idx_events_status_datetime; Type: INDEX; Schema: public; Owner: myuser
--

CREATE INDEX idx_events_status_datetime ON public.events USING btree (status, event_date_time);


--
-- Name: idx_images_event_id; Type: INDEX; Schema: public; Owner: myuser
--

CREATE INDEX idx_images_event_id ON public.images USING btree (event_id);


--
-- Name: idx_images_post_id; Type: INDEX; Schema: public; Owner: myuser
--

CREATE INDEX idx_images_post_id ON public.images USING btree (post_id);


--
-- Name: idx_images_status; Type: INDEX; Schema: public; Owner: myuser
--

CREATE INDEX idx_images_status ON public.images USING btree (status);


--
-- Name: idx_likes_post_id; Type: INDEX; Schema: public; Owner: myuser
--

CREATE INDEX idx_likes_post_id ON public.post_likes USING btree (post_id);


--
-- Name: idx_likes_post_user; Type: INDEX; Schema: public; Owner: myuser
--

CREATE INDEX idx_likes_post_user ON public.post_likes USING btree (post_id, user_id);


--
-- Name: idx_notifications_created_at; Type: INDEX; Schema: public; Owner: myuser
--

CREATE INDEX idx_notifications_created_at ON public.notifications USING btree (created_at);


--
-- Name: idx_notifications_recipient_read; Type: INDEX; Schema: public; Owner: myuser
--

CREATE INDEX idx_notifications_recipient_read ON public.notifications USING btree (recipient_id, is_read);


--
-- Name: idx_posts_author_id; Type: INDEX; Schema: public; Owner: myuser
--

CREATE INDEX idx_posts_author_id ON public.posts USING btree (author_id);


--
-- Name: idx_posts_created_at; Type: INDEX; Schema: public; Owner: myuser
--

CREATE INDEX idx_posts_created_at ON public.posts USING btree (created_at);


--
-- Name: idx_posts_event_created; Type: INDEX; Schema: public; Owner: myuser
--

CREATE INDEX idx_posts_event_created ON public.posts USING btree (event_id, created_at);


--
-- Name: idx_refresh_tokens_expires_at; Type: INDEX; Schema: public; Owner: myuser
--

CREATE INDEX idx_refresh_tokens_expires_at ON public.refresh_tokens USING btree (expires_at);


--
-- Name: idx_refresh_tokens_user_id; Type: INDEX; Schema: public; Owner: myuser
--

CREATE INDEX idx_refresh_tokens_user_id ON public.refresh_tokens USING btree (user_id);


--
-- Name: idx_registrations_event_status; Type: INDEX; Schema: public; Owner: myuser
--

CREATE INDEX idx_registrations_event_status ON public.registrations USING btree (event_id, status);


--
-- Name: idx_registrations_registered_at; Type: INDEX; Schema: public; Owner: myuser
--

CREATE INDEX idx_registrations_registered_at ON public.registrations USING btree (registered_at);


--
-- Name: idx_registrations_status; Type: INDEX; Schema: public; Owner: myuser
--

CREATE INDEX idx_registrations_status ON public.registrations USING btree (status);


--
-- Name: idx_registrations_user_status; Type: INDEX; Schema: public; Owner: myuser
--

CREATE INDEX idx_registrations_user_status ON public.registrations USING btree (user_id, status);


--
-- Name: idx_registrations_waitlist; Type: INDEX; Schema: public; Owner: myuser
--

CREATE INDEX idx_registrations_waitlist ON public.registrations USING btree (event_id, status, waitlist_position);


--
-- Name: idx_reports_created; Type: INDEX; Schema: public; Owner: myuser
--

CREATE INDEX idx_reports_created ON public.reports USING btree (created_at);


--
-- Name: idx_reports_reporter; Type: INDEX; Schema: public; Owner: myuser
--

CREATE INDEX idx_reports_reporter ON public.reports USING btree (reporter_id);


--
-- Name: idx_reports_status; Type: INDEX; Schema: public; Owner: myuser
--

CREATE INDEX idx_reports_status ON public.reports USING btree (status);


--
-- Name: idx_reports_type_target; Type: INDEX; Schema: public; Owner: myuser
--

CREATE INDEX idx_reports_type_target ON public.reports USING btree (report_type, target_id);


--
-- Name: idx_users_email_verified; Type: INDEX; Schema: public; Owner: myuser
--

CREATE INDEX idx_users_email_verified ON public.users USING btree (is_email_verified);


--
-- Name: idx_users_role; Type: INDEX; Schema: public; Owner: myuser
--

CREATE INDEX idx_users_role ON public.users USING btree (role);


--
-- Name: idx_verification_expires_at; Type: INDEX; Schema: public; Owner: myuser
--

CREATE INDEX idx_verification_expires_at ON public.email_verification_tokens USING btree (expires_at);


--
-- Name: idx_verification_user_id; Type: INDEX; Schema: public; Owner: myuser
--

CREATE INDEX idx_verification_user_id ON public.email_verification_tokens USING btree (user_id);


--
-- Name: refresh_tokens fk1lih5y2npsf8u5o3vhdb9y0os; Type: FK CONSTRAINT; Schema: public; Owner: myuser
--

ALTER TABLE ONLY public.refresh_tokens
    ADD CONSTRAINT fk1lih5y2npsf8u5o3vhdb9y0os FOREIGN KEY (user_id) REFERENCES public.users(id);


--
-- Name: posts fk6xvn0811tkyo3nfjk2xvqx6ns; Type: FK CONSTRAINT; Schema: public; Owner: myuser
--

ALTER TABLE ONLY public.posts
    ADD CONSTRAINT fk6xvn0811tkyo3nfjk2xvqx6ns FOREIGN KEY (author_id) REFERENCES public.users(id);


--
-- Name: comments fk7h839m3lkvhbyv3bcdv7sm4fj; Type: FK CONSTRAINT; Schema: public; Owner: myuser
--

ALTER TABLE ONLY public.comments
    ADD CONSTRAINT fk7h839m3lkvhbyv3bcdv7sm4fj FOREIGN KEY (parent_comment_id) REFERENCES public.comments(id);


--
-- Name: events fk7ljm71n1057envlomdxcni5hs; Type: FK CONSTRAINT; Schema: public; Owner: myuser
--

ALTER TABLE ONLY public.events
    ADD CONSTRAINT fk7ljm71n1057envlomdxcni5hs FOREIGN KEY (creator_id) REFERENCES public.users(id);


--
-- Name: registrations fk8mi58jt1s8fxmi56jnau0cxqw; Type: FK CONSTRAINT; Schema: public; Owner: myuser
--

ALTER TABLE ONLY public.registrations
    ADD CONSTRAINT fk8mi58jt1s8fxmi56jnau0cxqw FOREIGN KEY (event_id) REFERENCES public.events(id);


--
-- Name: post_likes fka5wxsgl4doibhbed9gm7ikie2; Type: FK CONSTRAINT; Schema: public; Owner: myuser
--

ALTER TABLE ONLY public.post_likes
    ADD CONSTRAINT fka5wxsgl4doibhbed9gm7ikie2 FOREIGN KEY (post_id) REFERENCES public.posts(id);


--
-- Name: images fkcp0pycisii8ub3q4b7x5mfpn1; Type: FK CONSTRAINT; Schema: public; Owner: myuser
--

ALTER TABLE ONLY public.images
    ADD CONSTRAINT fkcp0pycisii8ub3q4b7x5mfpn1 FOREIGN KEY (post_id) REFERENCES public.posts(id);


--
-- Name: reports fkd3qiw2om5d2oh5xb7fbdcq225; Type: FK CONSTRAINT; Schema: public; Owner: myuser
--

ALTER TABLE ONLY public.reports
    ADD CONSTRAINT fkd3qiw2om5d2oh5xb7fbdcq225 FOREIGN KEY (reporter_id) REFERENCES public.users(id);


--
-- Name: user_interests fkdv9fflrh61wyuujfwx2yn1tb4; Type: FK CONSTRAINT; Schema: public; Owner: myuser
--

ALTER TABLE ONLY public.user_interests
    ADD CONSTRAINT fkdv9fflrh61wyuujfwx2yn1tb4 FOREIGN KEY (user_id) REFERENCES public.users(id);


--
-- Name: comments fkh4c7lvsc298whoyd4w9ta25cr; Type: FK CONSTRAINT; Schema: public; Owner: myuser
--

ALTER TABLE ONLY public.comments
    ADD CONSTRAINT fkh4c7lvsc298whoyd4w9ta25cr FOREIGN KEY (post_id) REFERENCES public.posts(id);


--
-- Name: email_verification_tokens fki1c4mmamlb8keqt74k4lrtwhc; Type: FK CONSTRAINT; Schema: public; Owner: myuser
--

ALTER TABLE ONLY public.email_verification_tokens
    ADD CONSTRAINT fki1c4mmamlb8keqt74k4lrtwhc FOREIGN KEY (user_id) REFERENCES public.users(id);


--
-- Name: event_tags fkiwoyitw224ykom58m5xnoa9y6; Type: FK CONSTRAINT; Schema: public; Owner: myuser
--

ALTER TABLE ONLY public.event_tags
    ADD CONSTRAINT fkiwoyitw224ykom58m5xnoa9y6 FOREIGN KEY (event_id) REFERENCES public.events(id);


--
-- Name: fcm_tokens fkj2kob865pl9dv5vwrs2pmshjv; Type: FK CONSTRAINT; Schema: public; Owner: myuser
--

ALTER TABLE ONLY public.fcm_tokens
    ADD CONSTRAINT fkj2kob865pl9dv5vwrs2pmshjv FOREIGN KEY (user_id) REFERENCES public.users(id);


--
-- Name: images fkjqkpwof0kqmekscxaso6u1bl3; Type: FK CONSTRAINT; Schema: public; Owner: myuser
--

ALTER TABLE ONLY public.images
    ADD CONSTRAINT fkjqkpwof0kqmekscxaso6u1bl3 FOREIGN KEY (event_id) REFERENCES public.events(id);


--
-- Name: post_likes fkkgau5n0nlewg6o9lr4yibqgxj; Type: FK CONSTRAINT; Schema: public; Owner: myuser
--

ALTER TABLE ONLY public.post_likes
    ADD CONSTRAINT fkkgau5n0nlewg6o9lr4yibqgxj FOREIGN KEY (user_id) REFERENCES public.users(id);


--
-- Name: registrations fkl2iby9n9hp8jwkfj8i96pkxpi; Type: FK CONSTRAINT; Schema: public; Owner: myuser
--

ALTER TABLE ONLY public.registrations
    ADD CONSTRAINT fkl2iby9n9hp8jwkfj8i96pkxpi FOREIGN KEY (user_id) REFERENCES public.users(id);


--
-- Name: reports fkn1iu2ses25aoxypgjeym3owpl; Type: FK CONSTRAINT; Schema: public; Owner: myuser
--

ALTER TABLE ONLY public.reports
    ADD CONSTRAINT fkn1iu2ses25aoxypgjeym3owpl FOREIGN KEY (reviewed_by_id) REFERENCES public.users(id);


--
-- Name: comments fkn2na60ukhs76ibtpt9burkm27; Type: FK CONSTRAINT; Schema: public; Owner: myuser
--

ALTER TABLE ONLY public.comments
    ADD CONSTRAINT fkn2na60ukhs76ibtpt9burkm27 FOREIGN KEY (author_id) REFERENCES public.users(id);


--
-- Name: notifications fkqqnsjxlwleyjbxlmm213jaj3f; Type: FK CONSTRAINT; Schema: public; Owner: myuser
--

ALTER TABLE ONLY public.notifications
    ADD CONSTRAINT fkqqnsjxlwleyjbxlmm213jaj3f FOREIGN KEY (recipient_id) REFERENCES public.users(id);


--
-- Name: user_skills fkro13if9r7fwkr5115715127ai; Type: FK CONSTRAINT; Schema: public; Owner: myuser
--

ALTER TABLE ONLY public.user_skills
    ADD CONSTRAINT fkro13if9r7fwkr5115715127ai FOREIGN KEY (user_id) REFERENCES public.users(id);


--
-- Name: posts fktnoimyc2wv6tiasoiioxy0rnq; Type: FK CONSTRAINT; Schema: public; Owner: myuser
--

ALTER TABLE ONLY public.posts
    ADD CONSTRAINT fktnoimyc2wv6tiasoiioxy0rnq FOREIGN KEY (event_id) REFERENCES public.events(id);


--
-- PostgreSQL database dump complete
--

\unrestrict vgRgJfATy3tG7pKisAnGpsViUdujuR4FMBXjTSh3Qu3n4LFkSFkN1qKea4tv42n

